,user
0,_sanaeabdi
1,valentin_c_abel
2,mvabercron
3,dorisachelwilm
4,katjadler
5,s_aeffner
6,aggelidis_fdp
7,diyar_agu
8,akbulutgokay
9,gokhan_akkamis
10,ali_aldailami
11,halakmuhanad
12,anasalquraan2
13,reemalabali
14,stephan_albani
15,juliaalbert1990
16,albrecht_cdu
17,jutta_albrecht
18,nemir_ali_os
19,renataalt_mdb
20,faltenhoner
21,naltenkamp
22,thorstenalthau2
23,peteraltmaier
24,philipp_amthor
25,fuerlangerwehe
26,dagmarandres
27,tarek_digital
28,nielsannen
29,antaryfrederik
30,sascha_anton
31,ozwiernik
32,svenjaappuhn
33,arlt_johannes
34,klarliberal
35,analogueminds
36,christoph_arz
37,cad59
38,ferhatasi6
39,anaudretsch
40,stefanie_m_auer
41,annaauerhahn
42,michaelaufenan1
43,peteraumer
44,maik_aussendorf
45,babman
46,joriasbach
47,tbbacherle
48,scbachmann
49,badulrichmartha
50,abaerbock
51,saschabahl
52,mdb_ulrike_bahr
53,baldy_daniel
54,fbanaszak
55,pbandte
56,dorobaer
57,karlbaer
58,nbaradari
59,thomas_bareiss
60,simonbaermann
61,sbarrientosk
62,johannesbarsch
63,matthiasbartke
64,soerenbartol
65,dietmarbartsch
66,baerbelbas
67,detlefbauer_afd
68,nicole_ae_bauer
69,francabauernfnd
70,drchristinabaum
71,berndbaumannafd
72,markbaumeister
73,kommtzeitkonrad
74,mathiasbaur
75,bauschulrich
76,margaretebause
77,real_dbayer
78,lieblingxhain
79,donnerwetterli
80,kathabeck
81,vdbine
82,rogerbeckamp
83,afdsteffen
84,sinabeckmann4
85,jensbeeck
86,olafinderbeek
87,maikbeermann
88,karin_beese
89,chr_benze
90,maik_berger_spd
91,berlingenralf
92,marcbernhardafd
93,sebbib86
94,mela_bernstein
95,c_bernstiel
96,bessercornelia
97,sebbet_wak
98,lgbeutin
99,peter_beyer
100,ninabezold
101,mbiadaczmdb
102,leoniebierent
103,biesterfeldjorg
104,leyla_afd
105,steffenbilger
106,helmutbirke
107,mwbirkwald
108,rudigerbirmann
109,bischof_maria
110,jakobbla
111,jakobblasel
112,robertblaesing
113,andreasbleckmdb
114,bublien
115,enricobloch
116,jimmyblum
117,boecherjan
118,cathybockelmann
119,marcusbocklet
120,bodeulrich
121,bodinleif
122,ingobodtke
123,tobiasboegelein
124,peterboehringer
125,danielbohlmv
126,bjbcamp
127,pbokah
128,aliciabokler
129,bollenbachnils
130,jeanninebonave1
131,akboerger
132,behzadborhani
133,antonvandenborn
134,helmutborn3
135,annette_dem
136,michael_braedt
137,torben_braga
138,michel_brandt_
139,brafdp
140,jbrandenburgfdp
141,reinhardbrandl
142,stbrandner
143,michel_brandt_
144,fbrantner
145,thomasbraunafd
146,hbraun
147,juergenbraunafd
148,brehersilvia
149,brehm_innbgnord
150,utabrehm
151,heikebrehmermdb
152,m_breilmann
153,annebressem
154,lenibreymaier
155,brielmair
156,rbrinkhaus
157,chrisbrocke
158,alexbrockmeier
159,broschnatalie
160,gruenevictoria
161,lieblingsclutch
162,binkowskiheike
163,agnieszka_mdb
164,brunkenjakob
165,brunnemaa
166,brunnerganzohr
167,fbrzezicha
168,bubendorferfdp
169,carolinbucher
170,ch_buchholz
171,buergerbuchner
172,budersabine
173,marcus_buehl
174,patrickbueker
175,birke_bull
176,c_ab_
177,burdanicole
178,yannickbury
179,marcobuschmann
180,busen_mdb
181,sarahbuss13
182,c_buetti
183,juliavonbuttlar
184,petrbystronafd
185,isacademartori
186,tarekcarls
187,isabellecasel
188,larscastellucci
189,denizcelikhh
190,meryem_celikkol
191,cerrahaylin
192,joerg_cezanne
193,chialojoe
194,annachristmann
195,tino_chrupalla
196,mizginciftci1
197,ccirlini
198,vivienclaussen
199,aynurcp
200,gitta_connemann
201,rob_conr
202,juergencosse
203,tupacostin
204,joanacotar
205,chr_cremer1982
206,bpcrocker
207,cjcronenberg
208,gottfriedcurio
209,jhczada
210,marioczaja
211,isaczokalm
212,sevimdagdelen
213,janoschdahmen
214,lennartdahms
215,bernharddaldrup
216,tomhdaniel
217,stephan_dehler
218,diether_dehm
219,ekindeligoez
220,achille_demagbo
221,hakandemirnk
222,filizdemi
223,mel_demmelhuber
224,denekestoll
225,denneweiss_j
226,sailersandra
227,detzer_sandra
228,detznertim
229,karambadiaby
230,dichantnicola
231,padi_winchester
232,mdiedenhofen
233,janulrichdieren
234,tommylukoil
235,juliandietz18
236,estherdilcher
237,erkandinar
238,dennisdinter
239,s_d_1185
240,mdistl
241,dittmarsabine
242,djirsarai
243,gdobusch
244,anked
245,falkvomdorff
246,alicedorison
247,dorner_ad
248,schwarzblond
249,markusdossenbac
250,pat_drenske
251,umdde
252,j_a_dress
253,siegbertdroese
254,katdro
255,deborahduering
256,christianduerr
257,hansjoerg_durz
258,eberhardtceline
259,jsebmeyer
260,ebner_sha
261,dirkeckardt1
262,leckert_
263,edelhaeusser
264,severineder
265,edismirze
266,michaelefler
267,wehrenlechner
268,thomas_ehrhorn
269,ehrlichjanusz
270,andreaeibs
271,sonjaeichwede
272,derikeicke
273,eiflerulrike
274,philippeinfalt
275,teinstmann
276,ju_khatib
277,elixmannm
278,_lisaellermann_
279,elsnervongronow
280,annaemmend
281,herr_emmerich
282,chrengelke
283,michaelaengel
284,englhardtkopf
285,dielinkeumwelt
286,manueleppers
287,stephanieerben
288,mikaerdmann2411
289,mjghe
290,terndl
291,ernst_klaus
292,ottoerlued
293,wiebkeesdar1
294,eskensaskia
295,drmespendiller
296,bunteannka
297,tetgeton
298,marcusfaber
299,berndfabritius
300,facklerkai
301,fahimiyasmin
302,jafalkenberg
303,michellefall_
304,robert_farle
305,farwigjonas
306,arianefaescher
307,faychristoph
308,fechnerjohannes
309,uwefe
310,peterfelser
311,susanneferschl
312,emiliafester
313,fiedelseb
314,thorbenfiedler
315,benfilter
316,tunafirat
317,amalmshantaf
318,sefischer_mei
319,kathigraphie
320,cariflores2019
321,dfoest
322,sanderfrankfn
323,frankeedgar
324,corwoeller
325,lfraenzle
326,frauenjudith
327,mifrauendorfer
328,thorsten_frei
329,otto_fricke
330,lisamariefriede
331,friegmichael
332,ankefrieling
333,drfriesenmdb
334,michaelfrieser
335,andi_frisch
336,elena__fritz
337,frohnmaier_afd
338,gtzfrmming
339,sophiefruehwald
340,fuchs_cdu
341,civis_liber
342,funke_fabian
343,max_fksr
344,timogaarz
345,martengaede
346,gadechens
347,willibald71
348,schahinag
349,gansgruen
350,silkegardlo
351,lukasgarnis
352,matthiasgastel
353,patrickgebauer
354,thomasgebhart
355,kerstingeesdorf
356,kaigehring
357,svengehrke
358,jogeilenkirchen
359,geisslerjonas
360,a_geiszler
361,andreasgeitz
362,stefangelbhaar
363,rike85
364,gerdesmdb
365,hard_hentschel
366,barbaragerl1
367,karsten_gerlach
368,gerlinchristian
369,carstenhh1887
370,gerulatsoren
371,jn_gesenhues
372,mexcybill
373,markusgiesler
374,gjokakole
375,dennisgladiator
376,a_gloeckner
377,hannes_gnauck
378,thomasegoes
379,lofferg
380,nicolegohlke
381,marcelbelmondo
382,claasimodo
383,corneliusgolem
384,thomasgoenn
385,sahhanim2
386,goeringeckardt
387,chr_goerke
388,gorniaksoren
389,vgoerzelfdp
390,flomotionms
391,kaygottschalk1
392,lambsdorff
393,fabiangramling
394,gruene_seb
395,johan_gra
396,inge_graessle
397,nicogregg
398,timon_gremmels
399,co0gri
400,kerstingriese
401,derbonvivant
402,uli_grimm55
403,groehe
404,kdgroehler
405,ernagroll
406,thegroeninger
407,die_kathrin
408,anettegroschupp
409,mgrossebroemer
410,uligroetsch
411,carlgrouwet
412,gruebelmdb
413,nilsgruender
414,erhard_grundl
415,juliangruenke
416,s_gruetzmacher
417,gabigschwind
418,suatgldn
419,serapgueler
420,lgumnior
421,hgundelach
422,journeberlin
423,paul_nikos
424,fguentzler
425,atesguerpinar
426,olavgutting
427,ezgi_guyildar
428,platz13
429,gregorgysi
430,annahaas
431,christianhaase6
432,habockvera
433,philhackemann
434,hacker_fdp
435,p_haermeyer
436,ritahaglkehl
437,hahnflo
438,leonhahn
439,pearlhahn069
440,metinhakverdi
441,mircohanker
442,niklas_hnt
443,frankhansel
444,heikehaensel
445,gruen_seb
446,jorg_hansen
447,thomashanser6
448,hantke_stefanie
449,m_harderkuehnel
450,juergenhardt
451,michael_harjes
452,harlaandreas
453,bjornharras
454,philipphartewig
455,frederikfhartm1
456,sebast_hartmann
457,stefanhartlinks
458,harzerulrike
459,brihasselmann
460,matthiashauer
461,jochen_haug
462,holghaugk
463,ninohaustein
464,pronomus
465,stheck
466,reneheesen
467,nicoleheger1
468,dheidenblut
469,erzsocial
470,erichheidkamp
471,heidrichspd
472,peterheidtfdp
473,hubertus_heil
474,mechthildheil
475,fheiligenstadt
476,thomasheilmann
477,heilrath
478,sarahbheim
479,j_heimbeck
480,frankheinrich
481,gaheinrich
482,tobias_heisig
483,linda_lobster
484,helferich_afd
485,heller_hannah
486,jessicahellerle
487,katrinhelling
488,hellmichmdb
489,udohemmelgarn
490,hendriksheiko
491,kathrinanna
492,ankehennigspd
493,susannehennig
494,michaelhennric2
495,marchenrichmann
496,fabricehenrici
497,hannes_henze
498,hardyherbert76
499,herbrandmarkus
500,torstenherbst
501,waldemarherdt
502,ahermann_linke
503,bherrmann_
504,nheselhaus
505,martin_hess_afd
506,fdp_hessel
507,mheubuch
508,justus_heuer
509,hierlsusanne
510,pippobavarese
511,hiesserichpeter
512,ankehillmann
513,karstenhilse
514,arndhilwig
515,thehinni
516,hintermayrfred
517,christianhirte
518,thomashitschler
519,renehobusch
520,nicole_hoechst
521,gerohocker
522,hanneshoefer
523,manuelhoeferlin
524,bhoffmann_mdb
525,dathoffi
526,frankhoffmannsp
527,hoffmann_mdb
528,hoffmannforest
529,hoffmannphilip
530,bianca_liberal
531,tonihofreiter
532,vfbla
533,hohmannmdb
534,matthiashoehn
535,martinholderied
536,leif_erik_holm
537,holstehagen
538,nic_holtz
539,owvonholtz
540,claushomm
541,bruno_hoenel
542,katrinehoop
543,fhoppermann
544,drfabianhorn1
545,gruenekatha
546,drhoschel
547,jasminahostert
548,houbenreinhard
549,annihuber
550,hubermdb
551,verenahubertz
552,naomiehuebler
553,michaelhug17
554,hultzschhagen
555,humpfermarkus
556,bhundesruegge
557,andrejhunko
558,mhuppermann
559,katjahusen
560,jilsanker
561,anjaingenbleek
562,simoniolin
563,hisringhaus
564,jacobi_afd
565,jaegersjan
566,derjaeger_bt21
567,carmentiert
568,verajandt
569,djanecek
570,jaennertfdp
571,chrisjansenbonn
572,cdu_anne
573,tj_tweets
574,tonijaschinski
575,rjenkel
576,gydej
577,jentzschrene
578,kristinajeromin
579,stephanjersch
580,marc_jongen
581,gjonitz
582,m_jordan_gruene
583,nicolejordanafd
584,liliana_josek
585,clemensjost
586,joswigjulian
587,c_jung77
588,ingmar_jung
589,xaverjung
590,jungeinberlin
591,jensjunkersdorf
592,josip_juratovic
593,avjurisch
594,kaczmarekoliver
595,lamyakaddor
596,reginakaiserkvk
597,hallofraukaiser
598,kaiser_spd
599,gkalinka
600,marcel_kammerer
601,rebekkakaempfe
602,kappeltolaf
603,kirstenkappert
604,charlinekappes
605,macit_spd
606,annemariekaram
607,anjakarliczek
608,karlssonphilipp
609,kartesmdb
610,caka_keinscheis
611,annakassautzki
612,kamazhe
613,gabykatzmarek
614,sylk1966
615,kaufmannafd
616,maltekaufmann
617,ortsvorsteher_
618,stefankaufmann
619,dkaufner
620,2014kauper
621,hibbakauser
622,kavalimargarita
623,uwekekeritz
624,rainerkellerwes
625,mikellner
626,ronjakemmer
627,moritzkenk
628,birgitkerckhoff
629,kersten68
630,achimkesslermdb
631,kestnerjens
632,margkesz
633,ket_simone
634,katjakeul
635,stefankeuterafd
636,bina_khan_
637,jkhawajaaa
638,kieselknut
639,rkiesewetter
640,kiessling_mdb
641,andreaskinder
642,sven_kindler
643,annaleonorekipp
644,katjakipping
645,canselk
646,klagesdelia
647,tklaukien
648,aladin12331
649,helmut_kleebank
650,kleen_coldinne
651,mdbklein
652,ottilie_klein
653,thomaskleinos
654,torstenklein_eu
655,volkmarklein
656,mariaklschmeink
657,kleinkeruediger
658,nkleinwaechter
659,sklenzen
660,larsklingbeil
661,klinge_marcel
662,max_klingele
663,juliakloeckner
664,anniklose
665,danielakluckert
666,stefankluge
667,timkluessendorf
668,maxkneller
669,axel_knoerig
670,knophendrik
671,heikoknopf
672,seijakk
673,pascalkober
674,wolfko3
675,jenskoeppen
676,baerbelkofler
677,afdgerd
678,koehler_fdp
679,nicokoehler_c
680,enricokomning
681,annekoenig_
682,joernkoenigafd
683,carina_konrad
684,koobmar
685,oekoroutine
686,chantal_kopf
687,koepferl
688,kopp77
689,lucakoepping
690,carstenkoerber
691,kordenmichael
692,jess_kordouni
693,korkmazgt
694,vkorlin
695,deniskorn
696,jankortemdb
697,kaikoeser
698,kosssimona
699,drkoswig
700,steffenkotre
701,kowabit
702,kowolmaximilian
703,dr_rainer_kraft
704,laura_kraft_
705,johokra
706,kraemer4berlin
707,phikraemer
708,anettekramme
709,akk
710,kevinkratzsch
711,krau05828265
712,mkrause2021
713,alexanderkrauss
714,zwitscherklause
715,juergenkretz
716,klauskretzer
717,annakreye
718,guntherkrichba3
719,mariakriegerin
720,freiheitsfreund
721,anja_aks
722,guenterkrings
723,oliver_krischer
724,martinkroeber
725,krohncaroline
726,henrypaulkrger1
727,kristin_krumm
728,henningkrumrey
729,agneskrumwiede
730,krusehamburg
731,ruedigerkruse
732,vikkruse
733,annakryszan
734,tkuban96
735,michaelkuffer
736,konstantinkuhle
737,chriskuehn_mdb
738,kuhnefinn
739,99thesen
740,dr_roy_kuehne
741,kuehnikev
742,akulitz
743,renatekuenast
744,stefan_kunath
745,derblaueclaus
746,markuskurthmdb
747,patrick_kurth
748,kurzmaier
749,stefanskkii
750,labetzkemichael
751,vlackerbauer
752,slahrkamp
753,pierre_lamely
754,infolammersmann
755,langlinke
756,ricarda_lang
757,klauslange_afd
758,berndlange
759,ulrichlange
760,langefeldbegum
761,robertlangerofi
762,marlene_langka
763,hagenlangosch
764,ami_lanzinger
765,arminlaschet
766,laslop_paul
767,laetti
768,deinepanik
769,gregorlaukert
770,drlaunert
771,karl_lauterbach
772,claudiabiowima
773,carenlay
774,lebien_roger
775,ulrichlechte
776,lederer_gruene
777,leendersregina
778,lehmannspd
779,svenlehmann
780,sabineleidig
781,kleikert
782,klhohenlohe
783,titusluca
784,sonjalemke
785,steffilemke
786,lenglakhena
787,lensingsascha
788,derlenzmdb
789,sofialeonidakis
790,utelessel
791,letzemanuel
792,th_ley
793,christian_leye
794,andreaslichert
795,olaf_lichy
796,bodeluiza
797,thorstenlieb
798,ursliebau
799,janlieberum
800,liedtke4herne
801,esralimbacher
802,helge_limburg
803,michlimmer
804,lindauerstefan
805,lflindemann
806,helgelindh
807,andrealindholz
808,c_lindner
809,tobiaslindner
810,alex_link90
811,michael_g_link
812,ojulinka
813,stephan92286946
814,rikelili
815,linnerer
816,lochmuellerch
817,heiner_loehmann
818,fcl56
819,nicolommatzsch
820,denise_loop
821,lokerstin
822,jrlorenz
823,ralphlorenzfdp
824,iloeschner
825,barbara1loth
826,loetzschmdb
827,loewenbourg
828,meikelue
829,mdb_lucassen
830,max_lucks
831,jm_luczak
832,berglas5
833,daniludwigmdb
834,saskialudwigcdu
835,bettinalugk
836,annaluehrmann
837,olliluksic
838,carolueni
839,manon_luther
840,kristine_lutke
841,thlutze
842,heikomaas
843,hgmaassen
844,tmachalet
845,christianmachon
846,isabelmackensen
847,yvonnemagwas
848,nadinemaigruen
849,buerodavidmaier
850,jensmaierafd
851,frankfuerffm
852,jessica_malisch
853,evmgreifswald
854,malsackwinkeman
855,maikemalzahn
856,manderlagisela
857,holgermannle
858,gerdmannesafd
859,tillmansmann
860,el_kaweh_
861,stephanmarquard
862,zandamartens
863,doro_martin
864,olivermartin_lb
865,susanne_mrtn
866,fiona27011960
867,parsamarvi
868,marzischewski
869,f_mascheck
870,katjamast
871,amattfeldt
872,micha_maurer
873,anja_mayer
874,magnusmayerfdp
875,zoe_gruene
876,vmayer_lay
877,isabellamcn
878,yannik_meffert
879,mehli
880,takismehmetali1
881,meinhardt
882,pascalmeiser
883,meister_schafft
884,dirkulrichmende
885,exnerlj
886,anikomerten
887,_friedrichmerz
888,mesarosch
889,thomasmesser77
890,janmetzler
891,berndmex
892,gleichechancen
893,dannymarlon287
894,meyer_fdp
895,moritzm03724153
896,ra_alexmeyer
897,_smiah_
898,corinnamiazga
899,swantjemichael1
900,kthrn_mchl_spd
901,irenemihalic
902,borismijatovic
903,klausmindrup
904,khofeditz
905,amira_m_ali
906,c_mohrhardt
907,mikemohring
908,conni_moehring
909,falkomohrs
910,claudiamollmdb
911,dr_vonmoeller
912,siemtjemdb
913,wilko_moeller
914,moeller_metzger
915,mike_moncsek
916,mdbmonstadt
917,moogrosemarie
918,mmoosdorf
919,maxmordhorst
920,andreasmoring
921,karstenmoering
922,jonathanmorsch_
923,maxmoerseburg
924,mosblechvolker
925,l_mosler
926,mrosek1958
927,muja_manuel
928,alexmuellerfdp
929,annkristin_m
930,betmueller
931,fabianmmueller_
932,florianmm
933,gruenclaudia
934,guidofliege
935,mdbmuller
936,moritzamueller
937,mueller_mc
938,mueller_sepp
939,muellerchemnitz
940,norbert_mdb
941,regberlin
942,saschamuller
943,simongmueller
944,smuellermdb
945,muellerboehm
946,andreabohn
947,gruenebeate
948,salidana
949,theliberalfrank
950,julimuegel
951,danielmuenschke
952,mi_muentefering
953,volker_munz
954,s_muenzenmaier
955,mariemueser
956,nagermarco
957,sarananni
958,rasha_nasr_
959,zaklinnastic
960,christ_natterer
961,edgar_naujok
962,naumannantonius
963,martinneise
964,ingrid_nestle
965,alexandersneu
966,neubauermartina
967,dr_neuhoff
968,valrieneumann1
969,_martinneumann
970,anna_p_neumann
971,neumann_afd
972,ppneumanneu
973,niklasneumeyer
974,drandreasnick
975,ophelianick
976,briannickholz
977,dietmarnietan
978,lars6697
979,matthiasnoelke
980,jan_nolte_afd
981,kristinanordt
982,konstantinnotz
983,nouripour
984,jorgnurnberger
985,timnusser
986,okenfelix
987,leoehl
988,ulrich_oehme
989,wilfriedoellers
990,oestflorian
991,danielaoeynhau1
992,christi61278506
993,fritzohnesorge
994,_jan_olsson_
995,moritz_oppelt
996,josephineortleb
997,florian_ossner
998,josefoster
999,greenostermann
1000,vtdgsprecher
1001,karo_otte
1002,gerold_otten
1003,cansuoezdemir
1004,cem_oezdemir
1005,oezdemir_spd
1006,meri77815290
1007,alphzgr
1008,ozmenroze
1009,oezoguz
1010,j_pahlke
1011,benpalfnerfdp
1012,dr_pantazis
1013,sylviapantel
1014,luigipantisano
1015,papebenedikt
1016,m_papendieck
1017,frank_pasemann
1018,spasuki
1019,petrapaumahe
1020,lisapaus
1021,natalie_pawlik
1022,georg_pazderski
1023,cpechstein
1024,jenspeick
1025,linkepelli
1026,dejanperc
1027,victorperli
1028,jensuwepeter
1029,mape92
1030,tobiasmpeterka
1031,janapeters61118
1032,petersthorben
1033,lpetersen161
1034,olgapetersenafd
1035,petersenbrendel
1036,cpetrymdb
1037,renepetzold
1038,tizio_pfaender
1039,tanjapfenning
1040,tpflueger
1041,philippispd
1042,alexandrapichl
1043,tinapickert
1044,paulapiechotta
1045,pietschbritta
1046,stephpilsinger
1047,pirch
1048,janplobner
1049,gerd_plorin
1050,christophploss
1051,paul_podolay
1052,cpodstawa
1053,pohl_mdb
1054,markuspohle2
1055,filizgreen
1056,fdp_oberberg
1057,c_poloczek
1058,drposchl
1059,sabineposchmann
1060,achim_p
1061,florianpost
1062,marco_prei
1063,dirkpresch
1064,carsten_preuss
1065,rpreysing
1066,tinaprietz
1067,afdprotschka
1068,martinrabanus
1069,_thomasrachel
1070,alexanderradwan
1071,arafa72
1072,aloisrainer
1073,richardralfs
1074,vaniessa_rashid
1075,arauch_volkach
1076,raumannholger
1077,rausch_christof
1078,hraussendorf
1079,docredder
1080,pascal_reddig
1081,henningrehbaum
1082,m_reichardt_afd
1083,markusreicheldd
1084,heidireichinnek
1085,reifannette
1086,maxireimers
1087,anjareinalter
1088,reinholdmdb
1089,joreiter
1090,caro_rennt
1091,martinarenner
1092,renner_afd
1093,reuschralf
1094,reuther_bernd
1095,julietta7star
1096,yeone_rhie
1097,fdprichter
1098,birnstab
1099,mayaliebtbaum
1100,deridder_mdb
1101,rieckvogt
1102,anncathrin87
1103,nikriesmeier
1104,b_riexinger
1105,verarilke
1106,andreas_rimkus
1107,danielrinkert
1108,tino_ritter
1109,soenkerix
1110,dennisrohde
1111,roloffsimon
1112,sebroloff
1113,_roennau
1114,utaroepcke
1115,ph_roesch_fdp
1116,kathyr111
1117,martinrosemann
1118,ulrikerosensky
1119,jessi_rosenthal
1120,tabearoessner
1121,miro_spd
1122,roethsibylle
1123,janrothenb
1124,jelenaro
1125,n_roettgen
1126,manuelarottman
1127,stefanrouenhoff
1128,tr_bremen
1129,philipprubach
1130,erwin_rueddel
1131,daniel_ruedel
1132,jethoru
1133,ruf_nadine
1134,crueffer
1135,chri_ru
1136,korbinianrueger
1137,rummler_bernd
1138,joergrupp
1139,ninoruschmeyer
1140,hermannruttmann
1141,ruetzelbernd
1142,ryglewskis
1143,johann_saathoff
1144,mchlsacher
1145,hueseyinhuman
1146,kassem_ts
1147,manuelsarrazin
1148,friedrichsarto1
1149,th_sattelberger
1150,chr_sauter
1151,roteskiramisu
1152,rainerschaaf1
1153,pankrazschaberl
1154,ingoschaeferspd
1155,jamila_anna
1156,marcelsch87
1157,sebastian_es_
1158,f_schaeffler
1159,keremschamberg
1160,herbstbernd27
1161,wolf_schauble
1162,ulle_schauws
1163,ninascheer_spd
1164,clausscheeres
1165,100heiko666
1166,scheildr
1167,_bastianschenk_
1168,stauffenbergkar
1169,petraschenke
1170,heidedielinke
1171,scheuenstuhl
1172,andreasscheuer
1173,ericschrl
1174,scheunchen
1175,m_schieder
1176,udoschiefner
1177,cedric_schiele
1178,ulschzi
1179,laura_schieritz
1180,michaelschilke3
1181,bettinaschille1
1182,yasminschilling
1183,janaschimke
1184,wschinnenburg
1185,schinowsky
1186,tschipanski
1187,matschlegel
1188,thomasschlick3
1189,dschliesing
1190,schlifterjm
1191,tobiasschloo
1192,schloesserra
1193,schlost
1194,drrobbyschlund
1195,joerg_schlueter
1196,mariechristins
1197,kevinschmauss
1198,nilsschmid
1199,kratermensch
1200,schmidte70
1201,julian1schmidt
1202,alicekatschmidt
1203,dieschmidt
1204,henrischmidtadp
1205,ju_schmi
1206,jws_afd
1207,marko_schmidtgr
1208,roquetruepel
1209,schmidt_mdb
1210,ramos_fdp
1211,mdb_schmidtke
1212,schmittjanlukas
1213,charliiesc
1214,janickhelmut
1215,vivschmitz
1216,leonard_schn
1217,j_schneider_ffm
1218,schneider_afd
1219,schneidercar
1220,charlotte_mdb
1221,janaschneiss
1222,schnelllucia
1223,schniebel
1224,pschnieder
1225,chrisschnittker
1226,piascholten
1227,olafscholz
1228,nadineschoen
1229,lime_green_leni
1230,kcschoenwald
1231,schooalexandra
1232,dennis_schoetz
1233,hansjorgschrade
1234,_juliaschramm
1235,jschraps
1236,dr_schraut
1237,mdb_schreiber
1238,felixschreiner
1239,tobiasschreine3
1240,cj_schroeder
1241,marcelschrderhb
1242,ria_schroeder
1243,mischrodi
1244,linksschubert
1245,titusschueller
1246,beschulte
1247,random_faction
1248,hauidoinit
1249,inaschultz
1250,_anja_schulz
1251,uwe_schulz_afd
1252,k_sa
1253,schulze_afd
1254,svenjaschulze68
1255,anny_shoe
1256,stephanschumann
1257,schupp_fdp
1258,robertschuppan
1259,rolandschueren
1260,fabianschtz7
1261,kschuwalski
1262,tim_schwab_spd
1263,frankschwabe
1264,lucasschwalbach
1265,s_schwartze
1266,arminschwarz
1267,bernd_schwarz11
1268,schwarz_mdb
1269,rischwasu
1270,tinaschwarzer
1271,janschwede
1272,danielschweer
1273,cdu_schweiger
1274,larsschweizer
1275,schweizerjakob
1276,seeligjulian
1277,mseesternpauly
1278,iljaseewald
1279,emeliesegler
1280,seippjens
1281,stseiter
1282,th_seitz_afd
1283,lina_seitzl
1284,melis_s
1285,rainersemet
1286,sengaroman
1287,patricksensburg
1288,kerstinseyfert1
1289,martin_sichert
1290,josiebler
1291,doroele
1292,silberhornmdb
1293,0f8250972445452
1294,bjoernsimon
1295,petra_sitte_mdb
1296,judithskudelny
1297,nyke_slawik
1298,lucas_slunjski
1299,stellaluisesmi1
1300,juliasoehne
1301,soehngens1997
1302,marionsollbach
1303,nsoelter
1304,hesommer
1305,jansommerbbg
1306,dr_frasom
1307,carstensonntag
1308,siebeltill
1309,tinosorge
1310,jensspahn
1311,annespallek
1312,dirkspaniel
1313,jacobspanke
1314,spellerberg_m
1315,susispethmann
1316,spielmannsaaron
1317,spinrathnorbert
1318,rene_springer
1319,stadler_svenja
1320,katrin_staffler
1321,destaehly
1322,ninastahr
1323,orangepolitik
1324,annestamm
1325,stamm_fibich
1326,starkwatzinger
1327,henrikstatz
1328,realcomradefox
1329,soeren_afd_harz
1330,till_steffen
1331,c_steffenstiehl
1332,stefingermdb
1333,stegemannalbert
1334,ralf_stegner
1335,isabellsteidel
1336,andreassteier
1337,biancasteimle
1338,peter_stein_cdu
1339,stonie_kiel
1340,steinekecdu
1341,josteiniger
1342,hansteinmueller
1343,steinzenfdp
1344,afdstephan
1345,cvstetten
1346,nadjasthamer
1347,dieter_stier
1348,sebstoelting
1349,davidstoophh
1350,beatrix_vstorch
1351,gero_storjohann
1352,storm_ulrich
1353,conradmali
1354,mastrackzi
1355,frstraetmanns
1356,bstrasser
1357,w_sk
1358,ingostuckmann
1359,markivonbayern
1360,margit_stumpp
1361,stuewer
1362,julia_suermondt
1363,christiansuhr4
1364,fraupoel
1365,emiltankacheyev
1366,hakantasberlin
1367,anika_tas
1368,jessica_tatti
1369,inestegtmeier
1370,frank_tempel
1371,mterwiesche
1372,tescheandreas
1373,awettesfaiesus
1374,lindateuteberg
1375,jensteutrine
1376,thnpltcs
1377,eutheurer
1378,michael_thews
1379,noreenthiel
1380,annethielklein
1381,karinthissen
1382,stephanthomae
1383,alexander_throm
1384,christinthuene
1385,ralftiedemann21
1386,dr_tiemann
1387,alexander_tietz
1388,antjetillmann
1389,tillmannmaria
1390,tippelt21
1391,mtodtenhausen
1392,florian_toncar
1393,toens_nrw04
1394,barantopal_90
1395,toprak_alie
1396,carstentraeger
1397,kevintrahbente
1398,ctramnitz
1399,amtrasnea
1400,martinatrauth
1401,n_treu
1402,jurgentreutler
1403,jtrittin
1404,firatturgutw
1405,derya_tn
1406,martin_turowski
1407,uhl_markus
1408,katrinuhligbn
1409,ullmannmdb
1410,ullrichcorinna
1411,g_ullrichfdp
1412,volkerullrich
1413,dc_ulrich
1414,by_fiona_anna
1415,utzerich
1416,vaisishoan
1417,julia_verlinden
1418,loi_vo_fdp
1419,johannesvogel
1420,voglerk
1421,voigtfynn
1422,norman_volger
1423,cvoelkerfdp
1424,jbvolkmann
1425,katha_v
1426,marjavoellers
1427,svenvolmering
1428,johoffmann
1429,voepeldirk
1430,vrieschristoph
1431,jowadephul
1432,robinwagener
1433,wagenerniklas
1434,swagenknecht
1435,www_afd
1436,d_wagner_muc
1437,danywagner_da
1438,dietmarwagner22
1439,lenawagner91
1440,saschahwagner
1441,yoohannes
1442,joh_waldmann
1443,krawallstein
1444,sebastianwaiter
1445,beatewaro
1446,wanderwitz
1447,ninawarken
1448,gerryweberbtw21
1449,frankafdbwg
1450,lukasweber1997
1451,weberandy
1452,sandra_weeser
1453,carmenwegge
1454,clemenswehr
1455,alice_weidel
1456,ch_weidner
1457,marcusweinberg
1458,weindlrobert
1459,drjoeweingarten
1460,nadjaweippert
1461,anjaweisgerber
1462,saskialearaquel
1463,marialenaweiss
1464,hanspetergruene
1465,wellegrune
1466,svenwendorf
1467,cgwenzel
1468,stefwenzel
1469,marlene28110
1470,thereallenzii
1471,katrin_werner
1472,kriswer_s
1473,alexwerwath
1474,westerschulze
1475,a_westerwelle
1476,westhadj
1477,nicolewestig
1478,berndwestphal4
1479,h_weyel
1480,kai_whittaker
1481,gunterwichert
1482,awidmannmauz
1483,jowiegelmann
1484,wolfgangwiehle
1485,00katey00
1486,klauswiener
1487,dirkwiesespd
1488,markuswieseler
1489,wieswegkim
1490,k_willkomm
1491,julianawimmer
1492,svenwingerter
1493,dominikginko
1494,elisabethwinke4
1495,tobiaswinkler_
1496,tinawinklmann
1497,outback8612
1498,wiebkewinter
1499,michaelwinteri2
1500,chrwirthmdb
1501,marekwischi
1502,bodowissen
1503,wissing
1504,janine_wissler
1505,mwissmiller
1506,mirkowitkowski
1507,sandrowitt
1508,witt_uwe
1509,quen_wo
1510,afd_wk_65
1511,udowolfmda
1512,gabrielwolfel
1513,katjawolter
1514,alex_v_wrese
1515,mareikewulf
1516,monicawuellner
1517,joachimwundrak
1518,tobiaswuest
1519,frankwyszkowsk1
1520,amina_you
1521,thomaszawalski
1522,nadinzaya1
1523,thomas_zebunke
1524,mathiaszeunerx
1525,gzickenheiner
1526,hartmutziebs
1527,kayuweziegler71
1528,paulziemiak
1529,zierke
1530,valentinzill
1531,gizimmermann
1532,jenszspd
1533,nzippelius
1534,dznanewitz
1535,gudrunzollner
1536,armandzorn
